CUSTOMER MANAGEMENT LIST,,,,,,,,,,,,
Customer ID,Company Name,Contact Name,Billing Address,City,State ,Postal Code,Website,Phone Number,Fax Number,E-Mail Address,Notes,
,A & A Concrete Pumping,,7741 Prospect Avenue,Kansas City,Missouri,64132,,816-361-2333,,,,
,A J Concrete Pumping,,106 O T Wallace Road,Summerville,South Carolina,29483,,,,,,
,AAA Concrete Pumping,,1811 North Monet Road,Nixa,Missouri,65714,,417-725-7867,,,,
,AAA Zoellner Materials,Patrick Zoellner,PO Box 2168,Imperial,Missouri,63052-2903,www.aaazoellnermaterials.com,636-942-4400,636-942-9891,Patrick@aaazoellner.com,,
,ABI Corporation,Daniel Bromley,1271 NorthEast Delta School Road,Lee's Summit,Missouri,64064-1732,www.abi-corp.com,816-795-0073,816-795-1913,danb@abi-corp.com,PO # Required for payment,
,Accu-Crete Inc,Mick Harmon,1914 Plymouth Road,Independence,Missouri,64050,,,,,PO # Required for payment,
,ACI - Columbia,Kurt Wagner,"6620 Stephen Station Road, Ste B ",Columbia,Missouri,65202,www.aciconcreteplacement.com,573-474-7317,573-864-3030,kwagner@aciconcreteplacement.com,,
,ACI - Springfield,Jeff Baston,1223 F North Farm Road 123,Springfield,Missouri,65802,www.aciconcreteplacement.com,417-863-9090,417-863-9393,Jbatson@aciconcreteplacement.com,,
,ACI Concrete Placement ,Matt Kaminsky,20160 West 191st Street,Spring Hill,Kansas,66083,www.aciconcreteplacement.com,913-281-3700,913-281-4817,mkaminsky@aciconcreteplacement.com,,
,Action Concrete Pumping,Dustin Pelletier,PO Box 3789,Greenville,South Carolina,29608,www.actionconcretepumping.com,864-331-4575,864-331-4572,Dustin@actionconcretepumping.com,,
,Adam & Eaton Concrete,John Eaton,15645 South Keeler Street,Olathe,Kansas,66062,,913-397-7867,,,,
,"AHRS Construction, Inc",Dan Stallbaumer,533 Railroad Street,Bern,Kansas,66408,www.ahrs-inc.com,785-336-6118,785-336-3744,dans@ahrs-inc.com,,
,Ainsworth International,Les Ainsworth,4501 West 34th Avenue,Denver,Colorado,80212,www.concretepumpdepot.com,303-517-0773,720-583-1480,les@lesainsworth.com,,
,AJ Concrete Pumping,Chad Barthlow,5820 Jacaranda Drive,Mableton,Georgia,30126,www.southwestcp.com,404-699-0591,404-699-1859,,,
,"AJ Concrete Pumping, LLC",Chad Byrnes,106 O T Wallace Drive,Summerville,South Carolina,29483-4632,www.ajpumping.com,843-821-2000,843-821-2308,ajpumping@att.net,,
,All Star Concrete Construction,,4301 Schwartz Road,Kansas City,Kansas,66106-0298,,913-677-1552,,,,
,All Star Concrete Pumping Trailer Pumps,Keith Dennis,1601 Vine School Road,St. Louis,Missouri,63048,www.allstarconcretepump.com,636-475-9539,636-475-9539,KeithPevely@aol.com,,
,American Concrete Pumping,,2600 East 78th Street,Kansas City,Missouri,64132,,816-361-2333,,,,
,"American Concrete Pumping, LLC",Ray Philippson,152 West Union Street,Manchester,Iowa,52057-1514,www.americanconcretepumping.net,319-350-6391,563-927-2669,rphilippson@hotmail.com,,
,American Standard Concrete Pumping HI,Greg Perrin,94-400 Koaki Street,Waipanhu,Hawaii,96797,www.ascphi.com,808-841-7867,808-847-7143,gperrin@ascphi.com,,
,Andersen Concrete Pumping,Joan Andersen,60 East Taft Drive,South Holland,Illinois,60473,www.andersenpump.com,708-333-4433,708-333-4443,joan@andersenpump.com,,
,Atlas Used Heavy Equipment,,,,,,,,,,,
,B & W Foundations,Larry O'Harver,17418 Manchester Road,Wildwood,Missouri,63038,www.bwconcrete.com,636-458-3626,636-458-2105,larry@bwconcrete.com,,
,Baker Construction ,,836 Spruce Street,Leavenworth,Kansas,66048,,,,,,
,Barnoli & Sons,Mark Barnoli,7037 West Piute,Glendale,Arizona,85308,www.barnoliandsons.com,623-764-7299,,barnoli@cox.net,,
,Batton,,,,,,,,,,,
,BDB Walls,,,,,,,402-779-3165,,,,
,Beatty Concrete Pumping,Michael Beatty,4008 Indian Road,Kearney,Nebraska,68847,,308-238-0099,308-238-0099,mikebeat@hotmail.com,,
,"Bellman Ready Mix, Inc.",,1 Race Horse Drive,East Saint Louis,Illinois,62205,,618-646-5300,,,,
,Berkeley Concrete Pumping,Lynne Deluca,1200 Sixth Street,Berkeley,California,94710,www.bcp1.com,510-525-4111,510-527-8441,lynne@bcp1.com,,
,"Big Johnson Concrete Placement, LLC",Josh Bynum,PO Box 340,Palm City,Florida,34991,,772-263-8040,800-862-8189,joshua.bynum@gmail.com,,
,Blevins Foundations,,140 Pawnee Road,Nixa,Missouri,65714,,417-725-3239,,,,
,Blue Hat Crane and Equipment,Mike Lothamer,1225 East 16th Street,North Kansas City,Missouri,64116,www.bluehatcrane.com,816-416-9109,816-581-3370,mike.lothamer@bluehatcrane.com,,
,Brand,,,,,,,660-263-6341,,,,
,Brandon Bierle,,405 330th Street,Fenton,Iowa,50539,,641-430-4087,,,,
,BRB Contractors Inc,,3805 North West 25th Street,Topeka,Kansas,66675,,785-232-1245,,,,
,"Bremik, LLC",,405 300th Street,Fenton,Iowa,50539,,641-430-4087,,,,
,Briegan Concrete Constructors ,Kenneth Tiffany,8000 Dirt Road,Apex,North Carolina,27539,www.brieganconcrete.com,919-661-0901,919-661-0904,kctiffany@brieganconcrete.com,,
,"Brother Concrete Pumping Service, Inc",Steve Merson,PO Box 476,Ft. Lauderdale,Florida,33302,,954-731-6679,954-731-2193,brospump@aol.com,,
,"Brulez Concrete Placement, Inc.",,10363 South Highland Circle,Olathe,Kansas,66061,www.brulezconcrete.com,913-422-3345,913-422-3777,johnbrulez@aol.com,PO # Required for payment,
,Brundage Bone,,107 4th Avenue North,Kent,Washington,80212,,253-854-3333,,,,
,Burbidge Concrete Pumping,Vaughn Burbidge,911 Rio Grande,Salt Lake City,Utah,84101,www.bcpumping.org,801-433-0485,801-328-4351,vdburb@gmail.com,,
,C&C Concrete Pumping,Rodrigo Donadio,12599 NW 107th Avenue,Medley,Florida,33178,www.ccconcretepumping.com,305-885-1522,305-885-8060,rodrigo@ccconcretepumping.com,,
,"C&C Concrete Pumping Services, Inc",Chris Holdorf,19968 Independence Blvd.,Groveland,Florida,34736,www.ccpumpingservices.com,352-429-7867,352-429-7868,lholdorf@ccpumpingservices.com,,
,"C.W. Concrete, Inc.",,605 South Kansas Avenue,Olathe,Kansas,66061,,913-780-2316,,,,
,"Calco Concrete Pumping, Inc",Cal Bates,PO Box 3775,Eagle,Colorado,81631,www.calcoconcretepumping.com,970-524-7922,970-524-7937,jamie@calcopumping.com,,
,"Capital Pumping, LP 1",Keith Crawford,"3200 Steck Avenue, Suite 220",Austin,Texas,78757,,512-276-5438,512-389-3812,kcrawford@capitalpunping.com,,
,"Capital Pumping, LP 2",Paul Orr,9501 McKenzie Road,Austin,Texas,78719,,512-739-3395,512-275-0433,paul@capitalpumping.com,,
,"Capital Pumping, LP 3",Justin Humphries,7411 Toll Bridge Road,Belton,Texas,76513,,254-379-2011,512-275-0433,jhumphries@capitalpumping.com,,
,"Capital Pumping, LP 4",Mike Schultz,4100 Acorn Hill,San Antonio,Texas,78217,,210-827-5972,210-657-5507,mschultz@capitalpumping.com,,
,"Capital Pumping, LP 5",Paul Orr,20003 Mashburn,Pflugerville,Texas,78660,,512-739-3395,512-275-0433,paul@capitalpumping.com,,
,"Capital Pumping, LP 6",Celeste Wiese,4011 Charles Avenue,Bryan,Texas,77801,,979-220-6578,979-778-2500,,,
,Cemstone Products Co.,Darrell Gagnon,"2025 Centre Pointe Blvd., Suite 300",Mendota Heights,Minnesota ,55120-1259,www.cemstone.com,651-688-9292,651-688-0124,thorb@cemstone.com,,
,Central Concrete Pumping,Carl Walker,PO Box 137064,Fort Worth,Texas,76136,www.centralpumping.com,817-237-9050,817-237-6573,carl@centralpumping.com,,
,"Central Concrete Pumping, LLC  JCCP",,19308 West 63rd Street,Shawnee,Kansas,66226,,913-208-9245,,,PO # Required for payment,
,Central Missouri Con,,6111 Paris Road,Columbia,Missouri,65202,,513-819-3301,,,,
,Central Missouri Concrete Pumping,Ron Stuart,11760 East Zaring Road,Columbia,Missouri,65202,,573-696-1474,573-696-3310,cmocpumping@gmail.com,,
,CF&T& Available Concrete Pumping,Cindi Enloe,1970 national Avenue,Hayward,California,94545,www.cftconcretepumping.com,510-782-6910,510-732-1660,cindi@cftconcretepumping.com,,
,"Champion Concrete Pumping, Inc 1",Roy Thompson,26769 W Highway 53,Hauser,Idaho,83854,www.championconcretepump.com,208-773-8222,208-773-9828,Irt@championconcretepump.com,,
,"Champion Concrete Pumping, Inc 2",Roy Thompson,319 Nelson,Moscow,Idaho,83843,www.championconcretepump.com,208-773-8222,208-773-9828,Irt@championconcretepump.com,,
,"Champion Concrete Pumping, Inc.-MT",Roy Thompson,26769 W Highway 53,Hauser,Idaho,83843,www.championconcretepump.com,406-273-2727,208-773-9828,Irt@championconcretepump.com,,
,"Cherokee Pumping of Florida, LLC",Rudy Rivero,6511 Nova Drive #285,Davie,Florida,33317,,954-551-1171,,rodolforivero@bellsouth.com,,
,"Cherokee Pumping, Inc. 1",Wayne Bylsma,PO Box 489,Hampton,Georgia,30228-0489,www.cherokeepumping.com,770-946-5066,770-946-4552,wayne.bylsma@cherokeepumping.com,,
,"Cherokee Pumping, Inc. 2",Leon Crumbley,PO Box 489,Hampton,Georgia,30228,www.cherokeepumping.com,912-536-9181,912-966-0411,,,
,"Coastal Carolina Pumping, Inc",Keith Bauer,PO Box 241185,Charlotte,North Carolina,28224,www.ccpumping.com,704-552-6000,704-553-0052,kbauer@ccpumping.com,,
,"Cole & Lambert, Inc MD",Chris Lambert,PO Box 69,Churchville,Maryland,21028,www.coleambert.com,410-575-6380,410-457-4248,chrislambert569@aol.com,,
,"Cole & Lambert, Inc VA",Carter Cole,"11112 Washington Highway, Ste G",Glen Allen,Virgina,23059,www.coleandlambert.com,434-294-4295,804-355-0101,,,
,Commercial Capital Con,,8215 Melrose Drive,Lenexa,Kansas,66214,,913-341-0033,,,,
,Compass Plumbing & Conveying Inc.,,602 Stone Street,Falls City,Nebraska,68355,,402-245-5849,,,,
,"Conco Pumping and Belting, Inc 1",Doug Marquis,13052 Dahila Street,Fontana,California,92337,www.concopumping.com,866-347-3407,909-350-0708,dmarquis@concopumping.com,,
,"Conco Pumping and Belting, Inc 2",Joe Sostaric,5141 Commercial Circle,Concord,California,94520-8523,www.concopumping.com,925-687-6040,925-680-6231,jsostaric@concretepumping.com,,
,"Conco Pumping and Belting, Inc 3",Noel Bryand,18644 72nd Avenue South,Kent,Washington,98032,www.concopumping.com,877-347-3407,360-862-8605,nbryand@concopumping.com,,
,"Concrete & Materials Placement, LLC 1",Doug Doggett,1425 Cressida Drive,Charlotte,North Carolina,28210,www.concretematerialsplacement.com,704-554-9200,704-554-9211,cmiles@concretematerialsplacement.com,,
,"Concrete & Materials Placement, LLC 2",Jerry Behe,2917 Gresham Lake Road,Raleigh,North Carolina,27615,www.concretematerialsplacement.com,704-361-0148,919-803-7129,,,
,Concrete Iron,,1008 Douglas Drive,Roanoke,Texas,76262,,866-267-4766,,,,
,"Concrete Placement of Alaska, LLC",Brett Dobmeier,PO Box 83844,Fairbanks,Alaska,99708,,907-451-7867,,brettlm@hotmail.com,,
,"Concrete Placement, Inc.",Chad Sage,PO Box 1337,Tustin,California,92781,,877-586-5676,714-832-8446,cgsage@hotmail.com,,
,Concrete Pump Depot ,Les Ainsworth,11958 West 66th Lane,Arvada,Colorado,80004,www.concretepumpdepot.com,303-517-0773,720-583-1480,les@lesainsworth.com,,
,"Concrete Pump Dispatch, Inc",Thomas E. Judge,PO Box 1127,Saftey Harbor,Florida,34695,www.concretepumpdispatch.com,727-725-1666,727-724-9220,cpdi@verizon.com,,
,Concrete Pump Repair,,39347 Flink Ave,North Branch,Minnesota ,55056,,651-674-4481,,,,
,Concrete Pump Repair,Jerry Anderson,39347 Flink Avenue,North Branch,Minnesota ,55056,www.concretepumps.com,651-674-4481,651-674-4482,janderson@schwing.com,,
,Concrete Pump Solutions. Com,Bruce Inglese,3465 South Arlington Road Suite E PM171,Akron,Ohio,44312,www.concretepumpsolutions.com,615-207-8676,,ingleseb@concretepumpsolutions.com,,
,Concrete Pumps USA,Joe Ciulla,7491 Brooke Hollow Loop Road,Park City,Utah,84098,,435-615-0072,,info@concretepumpusa.com,,
,Concrete Strategies / CSI Shop,Joe Vitale,2199 Innerbelt Business Drive,St. Louis,Missouri,63114,www.concretestrategies.com,314-429-5100,314-592-2135,vitalej@concretestrategies.com,PO # Required for payment,
,Cova Pumping,Manny Pereira,146 - 62 106 Avenue,Jamaica,New York,11435-5012,,718-297-3933,718-657-9264,covapumping@verizon.net,,
,CPI,,,,,,,,,,,
,"Cretor Consturction Equipment, Inc",Ronald Morgan,8065 Corporate Blvd.,Plain City,Ohio,43064-9208,,866-865-9567,513-863-6176,cretorpumping@aol.com,,
,Cross,,,,,,,313-386-8005,,,,
,Cross Concrete Pumping Company 1,Ken Spader,4321 Oakwood Blvd,Melvindale,Michigan,48122-0228,www.crosspump.com,313-386-8005,313-386-7918,crosspumping@gmail.com,,
,Cross Concrete Pumping Company 2,Michelle Thomson,10116 West Grand River Avenue,Grand Ledge,Michigan,48837,www.crosspump.com,800-521-3367,517-622-0400,michellethom7@yahoo.com,,
,"Cross Enterprises of Florida, Inc",Peggy Cross,3201 37th Street,Orlando,Florida,32839-8691,www.crosspump.com,800-432-5686,407-843-0136,pcrosspumping@yahoo.com,,
,Custom Truck & Equipment,,7701 Independence Avenue,Kansas City,Missouri,64125,,816-241-4888,,,,
,DJ Foundations,,16160 174th Street,Bonner Springs,Kansas,66012,,913-441-3440,,,,
,DM Pump Equipment,Norman DeMello,54 Fallon Drive,Westport,Massachusetts,02790,,508-636-2230,,ndpump@hotmail.com,,
,Double T Concrete Pumping,Don Parsons,1243 Reser Road,Walla Walla,Washington,99362-9738,,509-529-4898,509-527-0390,doubleconstruction@ymail.com,,
,Dunlap Construction,,1325 West Lincoln Road,Garden City,Kansas,67846,,620-521-2964,,,,
,"E.E. Gilbert Construction, Inc",Jason Galletti,155 Howe Road,Martinez,California,94553,,925-228-0317,925-228-0485,jason@eegilbert.com,,
,Earlham Savings Bank,,,,,,,,,,,
,"East Coast Concrete Pumping, LLC",Brian Forcier,PO Box 2739,Greer,South Carolina,29652,,864-877-3265,864-877-4932,fivestarfoundation@hotmail.com,,
,EDL,,13716 Oak Street,Kansas City,Kansas,64145,,816-718-4444,,,,
,Edwards Concrete Construction,Randy Edwards,1550 Yokel Road,Evansville,Indiana,47711-2867,www.edwards-concrete.com,812-424-7888,812-424-1599,randy@edwards-concrete.com,,
,"Elite Concrete Pumpers, LLC",Chris Davis,PO Box 80734,Lafayette,Louisiana,70598,www.eliteconcretepumpers.com,337-258-9962,337-706-7719,cbjgdavis@gmail.com,,
,Eller Construction,Rick Eller,1111 Trails Road,Eldridge,Iowa,52748,www.ellerconst.com,563-285-5155,563-285-5252,rickl@ellerconst.com,,
,"Emery & Karrigan, Inc",Richard Emery,17933 NW Evergreen Parkway Suite 350,Beaverton,Oregon,97006,,800-955-8009,503-941-8013,ricke@emerykarrigan.com,,
,"Enviro-Systems, Inc",Tony Inglese,6400 Highlands Parkway Suite D,Smyma,Georgia,30082,www.envirosys.com,800-851-3082,770-319-7870,tony@envirosys.com,,
,"Ernst Enterprise, Inc",Kevin Heaney,PO Box 13577,Dayton,Ohio,45413,www.ernstconcrete.com,937-848-3196,937-848-3010,kevinheaney@ernstconcrete.com,,
,Farley,,,,,,,,,,,
,Fenix Construction C,,4655 Lemay Ferry Road,St. Louis,Missouri,63129,,314-892-4700,,,,
,Franks Concrete Pumping,,421 Red Bluff Circle,Millsap,Texas,76066,,817-946-8336,,,,
,Frontier,,,,,,,,,,,
,Fuller Foundation Company,,19125 West 151st Terrace,Olathe,Kansas,66062,,913-764-8222,,,,
,GC Contractors,,,,,,,,,,,
,George Shaw Construction ,,1601 Bellefontaine,Kansas City,Missouri,64127,,,,,PO # Required for payment,
,"Gordy's Concrete Pumping Service, Inc",James Walter II,N64 W 22998 Highway 74,Sussex,Wisconsin,53089,www.gordysconcretepumping.com,262-246-6610,262-246-3712,,,
,Grimms Concrete Pump,,2593 U Road,Woodston,Kansas,67675,,785-285-0704,,,,
,Halley Concrete Pumping LLC,,8607 Schell Road,Liberty,Missouri,64068,,816-781-4747,,,,
,Harris Concrete Pumping,,7322 McCarthur Drive,North Little Rock,Arkansas,72116,,501-412-7867,,,,
,"Hayes Drilling, Inc.",,15525 South Mahaffie Street,Olathe,Kansas,66062,,,,,PO # Required for payment,
,Heartland Concrete Placement Inc.,Gaylan Gehring,PO Box 961,Columbus,Nebraska,68602,,402-562-8020,402-562-6926,heartlandcp@aol.com,,
,Heritage Concrete,Bill Petrillo,307 A Street,Wilmington,Deleware,19801,,302-777-1235,302-777-1239,bpetrillo@heritageconcrete.net,,
,Herzog,,,,,,,816-233-9001,,,,
,"Hoosier Concrete Pumping, Inc. ",Myron Martin,1833 Greenwood Drive,Goshen,Indiana,46526-9336,,574-536-1272,574-534-4749,hoosierconcretepumping@yahoo.com,,
,Hotz Concrete Pumping,Chris Hotz,4524 South 68th Street,Omaha,Nebraska,68117-1009,,402-339-7880,402-339-558,chris@sslmidwest.com,,
,"Howard Concrete Pumping, Inc.",Frank Howard,701 Millers Run Road,Cuddy,Pennsylvania,15031,www.howardconcretepumping.com,412-257-1800,412-257-8380,fhoward1@howardconcretepumping.com,,
,"Howard Concrete Pumping, Inc. - IL",Rob Vall,124 Tower Plaza Drive,Belleville,Illinois,62220,www.howardconcretepumping.com,618-277-7510,618-277-7515,howardconcrete@eqyptian.net,,
,"Howard Concrete Pumping, Inc. - OH",Jude Garris,18801 South Mills Road,Warrensville Heights,Ohio,44128,www.howardconcretepumping.com,216-579-1855,216-581-6033,hcpoh@scbglobal.net,,
,"Hudson Valley Concrete Pumping, Inc.",Van Smith,PO Box 575,Wallkill,New York,12589,www.hvconcretepumping.com,845-778-2986,,sbhvcc@gmail.com,,
,"Hunsche Excavating, Inc",Ron Hunsche,12442 Sportsman Road,Highland,Illinois,62249,,618-654-4014,618-654-6297,bhunschex@hometel.com,,
,"Hydracrete Drake Bros., Inc.",Bobby Drake,3200 West Norfolk Road,Portsmouth,Virgina,23703,www.hydracrete.com,800-352-9366,757-405-2398,drakehyd@sbcglobal.net,,
,"Hydracrete Pumping Co., Inc.",Bob Drake,5512 Train Avenue,Cleveland ,Ohio,44102-4420,,216-281-5544,216-281-4891,hydracrete@sbcglobal.net,,
,"Independent Concrete Pumping, Corp.",James Toothaker,66 New Salem Street,Wakefield,Massachusetts,01880-1979,,781-246-0423,781-246-2966,jtoothaker@hotmail.com,,
,"Irving Equipment, LLC","Joe Irving, Sr",1515 South County Road 1,Tiffin,Ohio,44883,www.irvingequipment.net,419-448-9891,419-937-1890,jirving@irvingequipment.net,,
,Island Truck Parts,,4400 College Blvd,Overland Park,Kansas,66211,,800-922-2308,,,,
,"J.D. Concrete Pumping Service, Inc.",James H. Doucett,163 Spencer Road,Candor,New York,13743-1421,,607-659-7630,607-659-5321,jd@htva.net,,
,J.E. Dunn,,1225 East 16th Street,North Kansas City,Missouri,64116,www.jedunn.com,816-474-8600,,,PO # Required for payment,
,"J-A Zook's Masonry, LLC",John L. Zook,PO Box 978,Belleville,Pennsylvania,17004,,717-935-5586,717-935-5771,masonry@embarqmail.com,,
,Jason Griffin Concrete,,P.O. Box 248,Morristown,Tennessee,37815,,423-585-0014,,,,
,Jazz Concrete Pumping,Mark Petersen,4154 Highway 61,Burlington,Iowa,52601,,319-754-6601,319-754-5665,jazzpumping@hotmail.com,,
,"Jeff Hoge Concrete, LLC",,6884 West 183rd Street,Stillwell,Kansas,66085,,913-239-0903,,,,
,Jensen Construction Company,,PO Box 3345,Des Moines,Iowa,50316,,515-266-5173,,,PO # Required for payment,
,Johnston Concrete Pumping,Dustin Johnson,PO Box 795,Stillwater,Oklahoma,74076,www.concretepumpingok.com,405-714-0890,405-743-2241,dustindjohnston@gmail.com,,
,JPL Concrete Construction Corp,Melissa Licausi,457 Granny Road,Medford,New York,11763,www.jplconcretepumping.com,631-696-1522,,melissa@jplconcretepumping.com,,
,JST Construction Inc,,1581 Rokeby Road,Pleasant Dale,Nebraska,68423,,,,,,
,Judy Company,,8334 Ruby Ave,Kansas City,Kansas,66111,,913-422-5088,,,,
,"K.C. Concrete Placement, Inc",,2700 West Zero Street Suite 2,Lincoln,Nebraska,68528,,402-466-9444,,,,
,K.D.K. Supply Leasing,,1811 North Monet Road,Nixa,Missouri,65714,,417-724-0764,,,,
,Kansas City Master C,,13501 Arrington Road,Grandview,Missouri,64030,,816-763-1500,,,,
,KarrenBrock Construction,,P.O. Box 279,New Melle,Missouri,63365,,636-828-5420,,,,
,KCI,,,,,,,,,,,
,"Kent Companies, Inc.",Chris Fennema,130-60th Street South West,Grand Rapids,Michigan,49548,www.kentcompanies.com,616-534-4909,616-534-4890,chrisf@kentcompanies.com,,
,"Kent Companies, Inc. Carolinas",Chris Fennema,"1223 Quarry Overlook Drive, Suite 102",Fort Mills,South Carolina,29715-8904,www.kentcompanies.com,803-548-5368,803-548-5370,rbilton@kentcompanies.com,,
,"Kent Companies, Inc. Texas",Chris Fennema,830 East Valley Blvd,Lewisville,Texas,75057,www.kentcompanies.com,972-221-8113,972-221-6102,dmckinney@katexas.com,,
,Kiewit Massman,,Box 31096,Omaha,Nebraska,68131,,,,,,
,Kissick Constrution,,8131 Indiana Avenue,Kansas City,Missouri,66283,,816-363-5530,,,,
,Kline Material Inc,,3790 State Highway 34 C,Woodward,Oklahoma,73801,,580-256-2062,,,,
,Kolde Concrete,Mike Kolde,28630 Highway 24,Saint Marys,Kansas,66536,www.koldeconcrete.com,785-437-3730,785-437-3413,mkolde@koldeconcrete.com,,
,"Kustom Concrete Pumping, Inc.",Matthew Barbara,1425 East Aurora Avenue,Des Moines,Iowa,50313,,515-777-9899,,matt@kustompumps.com,,
,KW Trucking,,607 Central Street,Saint Paul,Kansas,66771,,620-449-2763,,,,
,L & L Concrete & Construction,,P.O. Box 5805,Grand Island,Nebraska,68802,,308-381-2004,,,,
,"LaHood Construction, Inc.",Joe Lahood,3305 N Main Street,East Peoria,Illinois,61611,www.lahoodconstruction.com,309-699-5080,,,,
,"Lakeshore Concrete Pumping, LLC.",Casey Wynsma,"11116 Fitzgerald, Suite A",Nunica,Michigan,49448,,616-837-0689,,Casey@lakeshoreconcretepumping.com,,
,Lenxa Police Department,,12500 West 87th Parkway,Lenexa,Kansas,66215,,,,,,
,Lewallen Construction Company,Larry Lewallen,151 Bells Ferry Lane,Marietta,Georgia,30066,www.lewallenconstruction.com,770-426-6667,770-423-9411,peggy@lewallenconstruction.com,,
,Liebherr Concrete Technology Co.,Bob Liebermann,4100 Chestnut Avenue,Newport News,Virgina,23607,www.liebherr.us,757-928-8547,757-928-2489,info.lct@liebherr.com,,
,Louis Waters,,,,,,,,,,,
,LS Construction,,1600 North State Route 29,Independence,Missouri,64055,,816-257-2869,,,,
,Luther Stem Concrete Pumping,"Luther N. Sterm, III",5011 Old Greenwood Street,Ft. Smith,Arkansas,72903,,479-646-7867,479-646-2702,stempump@yahoo.com,,
,Manhattan Road & Bridge Company,Todd Saxton,5601 South 122nd East Avenue,Tulsa,Oklahoma,74146,www.manhattanrb.com,918-437-9560,918-437-9563,tasaxton@manhattanrb.com,,
,Maples Construction,Marvin Maples,5001 NorthWest Cookingham Road,Kansas City,Missouri,64164,,816-464-5773,,,,
,"Maples Pumping, LLC",,15475 Kinghton Avenue,Platte City,Missouri,64079,,816-464-5800,,,,
,Mardian Concrete Pumping Co. 1,Charles Gross,2703 East Industrial Drive,Flagstaff,Arizona,86004,www.mardianconcretepumping.com,928-526-4966,,,,
,Mardian Concrete Pumping Co. 2,"Dan Mardian, Jr.",221 South 35th Avenue,Phoenix,Arizona,85009,www.mardianconcretepumping.com,855-821-9057,602-352-0413,dmardian@marcocrane.com,,
,Mardian Concrete Pumping Co. 3,Wes Farley,4142 East Tennessee,Tucson,Arizona,85714,www.mardianconcretepumping.com,,,,,
,Marner Concrete Pumping,Ray Marner,6779 East 600 North,Montgomery,Indiana,47558,,812-486-3436,812-486-3236,marnerconcrete@yahoo.com,,
,Martinson Construction,David Martinson,3842 West Airline Highway,Waterloo,Iowa,50703,www.martinsonconcstruction.com,319-232-4000,319-232-5020,davem@martinsonconcstruction.com,,
,Massman Construction Co.,,8901 State Line,Kansas City,Missouri,64114,www.massman.net,816-523-1000,816-333-2109,,,
,"Masterlink Concrete Pumping, LLC 1",Steve Slater,3330 East 83rd Place,Merrillville,Indiana,46410-6703,www.masterlinkpumping.com,219-662-8218,319-942-6612,steve@masterlinkpumping.com,,
,"Masterlink Concrete Pumping, LLC 2",Steve Slater,16200 Lincoln Way,Plymouth,Indiana,46563,www.masterlinkpumping.com,574-298-5137,,steve@masterlinkpumping.com,,
,"McClure Concrete, Inc.",Tim Wood,PO Box 473460,Aurora,Colorado,80047-3460,,303-364-7399,303-364-7395,devin@mcclure-concrete.com,,
,Mcnish Foundations,,1643 1300 Road,Lawrence,Kansas,66046,,785-842-3977,,,,
,Meril Concrete Pumping & Conveying San Deigo,John Caole,1331 Distribution Way,Vista,California,92081,,760-597-2480,760-597-2482,merlidispatch@sbcglobal.net,,
,"Meyer Concrete Pumping & Conveyor Service, LLC",Mike Popp,PO Box 296,Libertyville,Illinois,60048,www.meyerpumping.com,847-367-7867,847-680-5983,mpopp@meyerpumping.com,,
,"MGM Concrete Pumping, LLC",,PO Box 68,Milan,Missouri,63556,,,,,,
,"Michel Concrete Construction, Inc.",Mary Wilson,3101 Great Nothern Drive,Springfield,Illinois,62711,www.michelconcrete.com,217-698-9800,217-793-6212,mary@michelconcrete.com,,
,Mick's Equipment Repair,,1914 North Plymouth,Independence,Missouri,64058,,816-882-2128,,,,
,"Mid American Concrete Pumping, Inc.",Darlene Schlegel,221 South 11th Street,Neodesha,Kansas,66757,,620-325-2136,,midamericapumping@yahoo.com,,
,Mid States Pumping,,P.O. Box 628,Eldon,Missouri,65026,,,,,,
,MidAmerica Concrete,,,,,,,,,,,
,MidStates Concrete Pumping,Dan J. Stallbaumer,534 Railroad Street,Bern,Kansas,66408,www.ahrs-inc.com,877-700-7856,,dans@ahrs-inc.com,,
,MidWest Concrete Pumping,Mitch Parrish,PO box 2029,Washington,Missouri,63090,,636-239-0061,636-239-1672,mparrish@fidnet.com,,
,Midwest Equipment ,,,,,,,,,,,
,Mills Foundation ,,1811 North Monet Road,Nixa,Missouri,65714,,417-725-1437,,,,
,Misc,,,,,,,,,,,
,ML Crose Foundations,Merrill Crose,4512 North Allison Road,Sibley,Missouri,64088,www.crosefoundations.com,816-616-2859,816-650-5263,ml450r@aol.com,,
,Moberly Concrete Pumping,,401 Patterson Avenue,Salisbury,Missouri,65281,,660-651-7888,,,,
,Nate's Concrete Pumping,,P.O. Box 642,Eldon,Missouri,65026,,573-216-1124,,,,
,"Nettleton Ready Mix, Inc.",Brandon Winters,PO Box 2157,Jonesboro,Arkansas,72402,www.nettletons.com,870-932-4400,870-932-4079,bwinters@nettletons.com,,
,North Pacific Concrete Pumping,Marlin Zoerink,557 Loomis Trail Road,Lynden,Washington,98264,,360-354-1900,360-354-8054,northpacificcp@yahoo.com,,
,Northland Construction,,8607 Schell Road,Liberty,Missouri,64068,,816-781-7113,,,,
,"Nuprocon Pumping & Equipment, Inc.",Steve Heimark,7504 Copper Crown Court,Las Vegas,Nevada,89129,,702-395-2562,702-364-2563,julie@nuprocon.com,,
,O'Brien Concrete Pumping - AZ,Richard O'Brien,4715 West Buckeye Road,Phoenix,Arizona,85043,www.obrienpumping.com,602-278-8926,,pete@obrienpumping.com,,
,O'Brien Concrete Pumping -CO,Richard O'Brien,"640 West Tennessee Avenue, Unit C",Denver,Colorado,80223-2813,www.obrienpumping.com,303-778-8771,303-733-8345,robrien@obrienpumping.com,,
,OCCI,,3200 County Road 257,Fulton,Missouri,65251,www.occimofab.com,573-642-6087,573-642-1419,office@occimofab.com,,
,"O'Dell Concrete Pumping Service, Inc",Randy Sutton,5201 N. 57th Street,Lincoln,Nebraska,68507,www.odellconcretepumping.com,402-466-8845,,rsutton@odellco.net,,
,"Original Concrete Pumping Service, Inc",Harvey Hoyer,840 Fairway Drive,Bensenville,Illinois,60106-1313,www.originalconcrete.com,630-860-1100,630-860-1102,originalconcrete@sbcglobal.net,,
,P C I ,,1203 Main Street,Grandview,Missouri,64030,,,,,,
,"Parker Concrete Placement, Inc",Brian Parker,21 West 171 Hill Avenue,Glen Ellyn,Illinois,60137,,815-928-9400,815-550-1671,parkerplacement@yahoo.com,,
,Paseo Corridor Construction,,103 West 26th Avenue,North Kansas City,Missouri,64116,,,,,,
,Peak Concrete Pumping,Tracy Horner,PO Box 1150,Silverthorne,Colorado,80498,www.peakconcretepumping.com,970-389-2964,970-468-2756,thorner@evmat.com,,
,Peak Concrete Pumping - Steamboat Springs,Tracy Horner,PO Box 1150,Silverthorne,Colorado,80498,www.peakconcretepumping.com,970-389-2964,970-468-2526,thorner@evmat.com,,
,"Perma-Structo, Inc.",Mark Beaudin,"9420 Charles Street, PO box 705",Sturtevant,Wisconsin,53177,www.permastructo.com,262-886-2258,262-886-3026,markb1@tds.net,,
,"Pete Lien & Sons, Inc.",Kim Sarver,PO Box 440,Rapid City,South Dakota,57709,www.petelien.com,605-342-7224,605-342-6979,ksarver@petelien.com,,
,Peter Kewit & Sons,,203 South 36th Street,Omaha,Nebraska,68131,,402-342-2052,,,,
,Pioneer Concrete Pumping 1,Patrick Inglese,6400 Highlands Parkway Suite C,Smyma,Georgia,30082,www.pioneerconcrete.com,770-434-0600,770-434-5950,pinglese@pioneerconcrete.com,,
,Pioneer Concrete Pumping 2,Jeff Rice,3485 Roy Orr Blvd.,Grand Prairie,Texas,75050,www.pioneerconcrete.com,972-313-8500,972-313-8505,jrice@pioneerconcrete.com,,
,Pioneer Concrete Pumping 3,Wayne Mays,1723 FM 1516,Converse,Texas,78109,www.pioneerconcrete.com,210-661-0055,210-661-0066,wmays@pioneerconcrete.com,,
,"Piqua Transport Co., Pump Division",Jeff Schaffner,8395 North Piqua-Lockington Road,Piqua,Ohio,45356,www.piquaconcrete.com,937-773-0841,937-778-0843,jschaffner@piquaconcrete.com,,
,Porky's Concrete Pumping Service,,1524 Schunaman Street,Moberly,Missouri,65270,,660-263-6341,,,,
,"Potratz Concrete Pumping South, Inc.",Jennifer Potratz,1962 South 76th Street,Franksville,Wisconsin,53126,www.potratzsouth.com,262-835-1626,262-835-1688,accounting@potratzsouth.com,,
,"PPT, Inc.",David Pattridge,1040 Hawn Avenue,Shreveport,Louisiana,71107,,318-222-2225,318-222-2276,david@pptinc.com,,
,Prairie Construction,,4104 South Herren Road,Hutchinson,Kansas,67501,,620-960-1388,,,,
,"Preferred Concrete Pumping, Inc.",Martin Lopez,3190 West El Camino Del Cerro,Tucson,Arizona,85745,www.prefconcpump.com,520-888-3345,520-888-1205,Martinl@prefconcpump.com,,
,Premier Concrete Pumping,Bruce Inglese,25 Ingram Blvd.,Lavergne,Tennessee,37086,www.premierconcrete.com,615-213-2600,615-213-2601,ingleseb@premierconcrete.com,,
,Pro Pump LLC,,5853 County Road 15,Merino,Colorado,80741,,970-522-5580,,,,
,"Protivin Builders, Inc",Gary Panos,1020 Windsor Avenue,Waucoma,Iowa,52171,,563-569-8512,,,,
,PumpCo,,,,,,,303-517-0773,,,,
,Pumpcrete Corporation Canada,"Ken Williams, Jr.",6000 Progress Street,Nigra Falls,Ontario,L2E 6X8,www.pumpcrete.com,905-354-3855,905-374-4043,ken2@pumpcrete.com,,
,Pumpcrete Corporation USA,George Culp,7126 Ellicott Road,Orchard Park,New York,14127,www.pumpcrete.com,716-508-8204,716-508-8255,george.pumpcrete@gmail.com,,
,Pyramid Contractors,,795 West Ironwood,Olathe,Kansas,66061,,913-764-6225,,,PO # Required for payment,
,"R & R Ready Mix, Inc.",David Luedeke,13947 Street Highway 29 North PO Box 197,Miltona,Minnesota ,56354,,218-943-4601,218-943-5138,rrready@midwestinfo.net,,
,R & S Concrete Pumping Service,Shirley Borowicz,1655 Highway 63,New Richmond,Wisconsin,54017,,715-246-3920,715-246-7790,sborowicz@hotmail.com,,
,R & S Contracting,,221 South 11th Street,Neodesha,Kansas,66757,,620-325-2130,,,,
,R B Concrete,,214 Aven Avenue,Nixa,Missouri,65714,,417-724-9993,,,,
,R. Chavez,,11407 East Truman Road,Independence,Missouri,64050,,,,,,
,"R.L.McCoy, Inc. 1",Mark McCoy,7898 East Lincolnway,Columbia City,Indiana,46725-8818,www.rlmccoy.net,260-625-3443,260-625-3813,corporate@rlmccoy.net,,
,"R.L.McCoy, Inc. 2",Gary Brown,6885 East 34th Street,Indianapolis,Indiana,46226-6125,www.rlmccoy.net,317-544-0000,317-544-0001,garybrown@rlmccoy.net,,
,"Ralph's Concrete Pumping, Inc. 1",Tim Henson,1529 Rainer Avenue South,Seattle,Washington,98144-2828,www.ralphsconcrete.com,206-329-5888,206-329-5898,tim@ralphsconcrete.com,,
,"Ralph's Concrete Pumping, Inc. 2",Travis Henson,400 Stone Road,Ellensburg,Washington,98926,www.ralphsconcrete.com,509-925-3850,509-925-3860,travis@ralphsconcrete.com,,
,"Ralph's Concrete Pumping, Inc. 3",,6115 North West Street Helen's Road,Portland ,Oregon,97210,www.ralphsconcrete.com,206-329-5888,206-329-5898,,,
,"Ramcrete, Inc.",Todd Morgan,4604 Old Kyles Station Road,Hamilton,Ohio,45011,www.ramcrete.com,513-863-7265,513-863-6176,tmorgan@ramcrete.com,,
,Redwood Concrete Pump Service,Eric Worden,1372 Los Alamos Road,Santa Rosa,California,95409,www.redwoodconcretepumping.com,707-538-1206,707-539-4689,redwoodconcretepump@sonic.net,,
,Redwood Empire Concrete Pumping Equipment,Eric Worden,1372 Los Alamos Road,Santa Rosa,California,95409,www.schwingpartsstore.com,707-538-1206,707-539-4689,info@schwingpartsstore.com,,
,"Reynolds Concrete Pumping, LLC",Patrick Reynolds,PO Box 3550,Bowling Green,Kentucky,42101,www.reynoldscorporation.com,270-781-1415,270-282-2769,info@reynoldscorporation.com,,
,Rhino Concrete Pumping,John Steele,2911 Landco Drive,Bakersfield,California,93308,,661-859-1191,661-859-1193,john@rcpumping.com,,
,Robert Romaine Concrete,"Robert J. Romaine, Jr.",PO Box 70097,Tuscaloosa,Alabama,35407,www.romaineconcrete.com,205-556-2333,205-556-2060,romainecon@aol.com,,
,"Ron Hunsche Excavating, Inc.",Ron Hunsche,12442 Sportsman Road,Highland,Illinois,62249,,618-654-4014,618-654-6297,bhunschex@hometel.com,,
,Rusty Lee,,,,,,,,,,,
,"S.T.A.R. Concrete Pumping, Inc. 1",Barclay Branch,PO Box 400,Tomball,Texas,77377-0400,www.starpumping.com,281-357-1555,281-357-5222,bbranch@starpumping.com,,
,"S.T.A.R. Concrete Pumping, Inc. 2",Derek Dews,2070 West Cardinal Drive,Beaumont,Texas,77705,www.starpumping.com,409-842-5222,409-842-5229,ddews@starpumping.com,,
,"Savage Concrete Pumping, Inc",Scott Savage,PO Box 135,Greensboro,North Carolina,27402-0135,,336-362-8733,336-545-4472,savagepump@aol.com,,
,Schmeerbauch Contr,,C/O Eastern Missouri,St. Louis,Missouri,,,314-892-4470,,,,
,Schreiter Ready Mix & Materials,,200 South Cool Springs Road,O'Fallon,Missouri,63366,,636-240-2600,,,,
,"Shamrock Concrete, Inc.",Jack Stadel,611 Utah Street,Cheyenne,Wyoming,82009,,307-635-1121,307-778-7015,jack@stadelconstruction.com,,
,Shaw Construction,,1601 Bellefontaine,Kansas City,Missouri,64145,,816-231-8200,,,,
,Shouse Concrete,,1533 7th Avenue,St. Joseph,Missouri,64505,,816-232-7837,,,,
,Show Me Concrete,,2016 Jim's Road,Macon,Missouri,63552,,660-651-6655,,,,
,"Smeco Concrete Pumping, LLC",Eric Kuntz,PO Box 369,Kenner,Louisiana,70063,www.smeco.net,504-467-7711,504-467-7714,ericku@smeco.net,,
,"Smelker Concrete Pumping, Inc.",David Smelker,3420 Capital Drive,Colorado Springs,Colorado,80939,,719-591-7867,719-573-8798,smelkerconcrete@aol.com,,
,Southern Cal Concrete Pumping,Rusty Cours,"7111 Garden Grove Blvd., Suite 114",Garden Grove,California,92841,,714-484-2800,714-484-7800,rustycours@gmail.com,,
,Southern Oregon Concrete Pumping,Ron Hobson,102 Pleasant View,Talent,Oregon,97540,,541-488-4571,541-512-0809,rhobson541@charter.net,,
,"Southwest Concrete Construction, Inc.",Greg Bloom,2408 Parkland Avenue,Artesia,New Mexico,88210,www.swcci.com,575-746-9074,575-746-4837,charliey@swcci.com,,
,"Southwest Concrete Pumping, Inc.",Jeff Moll,2323 West Oxford,Englewood,Colorado,80110,www.southwestcp.com,303-781-7867,303-781-9446,jeff@southwestcp.com,,
,"Southwest Concrete Pumping, Inc. North Division","Tom Moats, Jr.",2323 West Oxford,Englewood,Colorado,80110,www.southwestcp.com,970-532-1355,970-532-1357,tmoats@southwestcp.com,,
,"Star Concrete Pumpers, Inc.",Ramon Vanicor,PO Box 1122,Sulphur,Louisiana,70664,www.starconcretepumpers.com,337-625-7827,337-625-7806,starconcretep450@bellsouth.net,,
,"Star Concrete Pumpers, Inc. CANADA",Pat Lamanna,100 Creditstone Road,Concord,Ontario,L4K 1P2,www.starconcretepumping.net,905-660-2441,905-738-2484,pat@starpumping.com,,
,"Star Equipment, Ltd.",Brad Bowman,"2950 6th Street, South West",Cedar Rapids,Iowa,52404,www.starquip.com,319-365-5139,319-365-6726,bradbowman@starequip.com,,
,Statewide Concrete Pumping,Jim Kirkwood,1300 Emig Road,Columbus,Ohio,43223,www.statewideconcretepumping.com,614-444-5103,614-444-0595,jimkirk1300@aol.com,,
,Stephens & Smith Construction Co.,Chris Barry,1542 South 1st Street,Lincoln,Nebraska,68502,,402-475-8087,402-475-0119,cbarry@stephensandsmith.com,,
,Stranger Creek ,,P.O. Box 58,Lynwood,Kansas,66052,,913-645-3135,,,,
,Sunrise Concrete ,,State Road F & TT,Sunrise Beach,Missouri,65709,,573-216-2589,,,,
,"SVG Concrete Services, Inc.",Sergio Verastegui,137 Thomas Mill Road,Holly Springs,North Carolina,27540,,919-567-0044,919-567-0061,sergiovg@outlook.com,,
,"Swearingin Concrete Foundations, LLC",,316 North Garner,Lawson,Missouri,64062,,816-580-7024,,,,
,T.A.S. Commercial Concrete Construction LLC,George Kirsch,19319 Oil Center Blvd.,Houston,Texas,77073,www.tasconcrete.com,281-230-7500,281-230-7664,krodriguez@tasconcrete.com,,
,"Taylor-Made Pumping, Inc.",Chris Davis,PO Box 254,Tallapoosa,Georgia,30176,www.taylormadepumping.com,770-574-8030,770-574-7605,cdavis@waynedavisconcrete.com,,
,TCF Equipment Finance,Carl Aust,"11100 Wayzata Blvd., Suite 801",Minnetonka,Minnesota ,55305,www.tcfef.com,800-442-7811,952-656-7600,caust@tcfef.com,,
,"Teague Rental Equipment, LLC.",Ben Gioele,"8195 Plank Road, PO Box 74207",Baton Rouge,Louisiana,70874,www.teaguerental.com,225-355-6243,225-356-0090,bayoupumpman@bellsouth.net,,
,The Concrete Pump Store,Bob Weatherton,PO Box 1085,Claremont,California,91711,www.theconcretepumpstore.com,909-625-0804,909-625-3124,bweatherton@earthlink.com,,
,The Sharper Edge,,610 East 135th Street,Kansas City,Missouri,64145,,816-941-3343,,,,
,"Thomas Machinery, Inc.",Jim Henegar,5680 NW 161st Street,Miami,Florida,33014-6129,,305-625-7878,305-625-2407,thomasmachinery@msn.com,,
,"Thompson Concrete Foundations, Inc.",Brad Thompson,PO Box 440,Carroll,Ohio,43112,www.thompsonconcrete.com,740-756-7256,740-756-7965,brad@thompsonconcrete.com,,
,"Titan Concrete Pumping, LLC.",Brian Smith,926 Gabriel Road,Caycee,South Carolina,29033,,803-665-3189,803-234-5402,titanconcretepumping@gmail.com,,
,"Tor Concstruction Company, Inc.",Sandee Sinnott,301 Sundown Road,South Elgin,Illinois,60177,,847-697-5505,847-697-3094,sandee@torconstruction.com,,
,"Tri County Concrete Pumping, Inc.",Paul Black,PO Box 4685,Auburn,California,95604,,530-888-6370,530-889-1295,tccp.black@sbcglobal.net,,
,Tri-State Concrete Pumping,James Windland,PO Box 548,Belpre,Ohio,45714,,740-423-9682,740-423-9684,tscp@sbcglobal.net,,
,"Tri-State Pumping, Inc.",Steve Vant Hof,"1070 - 2nd Avenue, NE",Sioux Center,Iowa,51250,,712-441-3071,712-722-1109,tristatepump@mtcnet.net,,
,"Tri-Way Concrete Pumping, Inc",Bill Germany,PO Box 1995,Roanoke,Texas,76262,,817-267-2206,,tri-way@sbcglobal.net,,
,Valley Concrete Pumping,Michael Troyer,59757 Gunnison Road,Olathe,Colorado,81425,,970-323-8926,970-323-6383,valleypump@kaycee.net,,
,"Vee-Jay Cement Contracting CO., Inc.",Roger Vancardo,8053 Chivvis Drive,St. Louis,Missouri,63123,,314-351-3366,314-481-2062,rogerv@veejaycement.com,PO # Required for payment,
,Venture Placement,,2716 Eureka Terrace,Manhattan,Kansas,66503,,785-537-2334,,,,
,Viper Concrete 2000 LP CANADA 1,Mike Maksymic,4 Industry Way SE,Calgary,Alberta,T3S 0A2,www.viperconcrete.com,403-720-2212,403-217-7795,info@viperconcrete.com,,
,Viper Concrete 2000 LP CANADA 2,Mike Maksymic,3028 Millar Avenue,Saskatoon,Saskatchewan,S7K 6N3,www.viperconcrete.com,877-984-7379,,info@viperconcrete.com,,
,"Virgina Concrete Pumping, LLC.",Catherine Bowles,PO Box 186,Chesterfield,Virgina,23832,www.vaconcretepumping.com,804-739-1100,,cathy@vaconcretepumping.com,,
,"Vista Ridge Concrete Pumping, Inc",Bob Guevermont,PO Box 293265,Lewisville,Texas,75029-3265,www.vrcpinc.com,972-316-0148,972-219-1655,bobg@vrcpinc.com,,
,"Wall-Ties & Forms, Inc",,400 Bonner Industrial,Shawnee,Kansas,66226,,913-441-0073,,,,
,Walters Concrete,,2413 Melissa Lane,Joplin,Missouri,64804,,417-481-3646,,,,
,Warren County,,6355 Bluff Road,Washington,Missouri,63090,,636-239-0061,,,,
,"Waters Construction, Inc.",,6570 West 140th Street Apt #3003,Overland Park,Kansas,66223,,,,,,
,Western Concrete Pumping (AZ),Jon Latty,4039 East Winslow,Phoenix,Arizona,85040,www.westernconcretepumping.com,602-456-7557,602-456-7570,jonl@wcp.us.com,,
,Western Concrete Pumping (CA),Chuck Reed,2181 La Mirada Drive,Vista,California,92081,www.westernconcretepumping.com,760-598-7855,760-598-5850,,,
,Western Concrete Pumping (LA),Todd Termini,8328 Hooper Road,Baton Rouge,Louisiana,70811,www.westernconcretepumping.com,225-228-1384,225-234-0485,,,
,Western Concrete Pumping (OK),Charlie Boyer,5629 South 107th East Avenue,Tulsa,Oklahoma,74146,www.westernconcretepumping.com,918-893-5617,,jimd@wcp.us.com,,
,Western Concrete Pumping (TX),Corby Allbright,1270 F.M. 2001,Buda,Texas,78610,www.westernconcretepumping.com,512-312-4440,512-312-4502,corbya@wcp.us.com,,
,Western Concrete Pumping (WA),Arv Zoerink,2015 East Bakerview Road,Bellingham,Washington,98226,www.westernconcretepumping.com,360-671-5757,360-647-8611,,,
,White River Concrete,,1945 Pleasant Valley,Gelena,Missouri,65656,,,,,,
,Wortman Concrete Pumping,Randy Wortman,55171 857th Road,Pierce,Nebraska,68767,,402-649-9980,402-371-3175,randy@wortmanconcretepumping.com,,
,X-Stream Concrete Pumping CANADA,Kayne Hemsing,2812 Irvine Avenue,Saskatoon,Saskatchewan,S7J 2B5,,306-681-8862,,xstreampower@sasktel.net,,
,"Zomax Concrete Pumping, Inc.",Richard Thornton,"5375 South Cameron, #B",Las Vegas,Nevada,89118,,702-877-2250,702-873-5033,rhornton@lvpumps.com,,
,,,,,,,,,,,,